<?xml version="1.0" encoding="UTF-8"?>
<GenRun Id="PCCommFIFO_synth_1" LaunchPart="xc7a15tftg256-1" LaunchTime="1578178847">
  <File Type="PA-TCL" Name="PCCommFIFO.tcl"/>
  <File Type="REPORTS-TCL" Name="PCCommFIFO_reports.tcl"/>
  <File Type="RDS-RDS" Name="PCCommFIFO.vds"/>
  <File Type="RDS-UTIL" Name="PCCommFIFO_utilization_synth.rpt"/>
  <File Type="RDS-UTIL-PB" Name="PCCommFIFO_utilization_synth.pb"/>
  <File Type="RDS-DCP" Name="PCCommFIFO.dcp"/>
  <FileSet Name="sources" Type="BlockSrcs" RelSrcDir="$PSRCDIR/PCCommFIFO">
    <File Path="$PSRCDIR/sources_1/ip/PCCommFIFO/PCCommFIFO.xci">
      <FileInfo>
        <Attr Name="UsedIn" Val="synthesis"/>
        <Attr Name="UsedIn" Val="implementation"/>
        <Attr Name="UsedIn" Val="simulation"/>
      </FileInfo>
    </File>
    <Config>
      <Option Name="TopModule" Val="PCCommFIFO"/>
      <Option Name="UseBlackboxStub" Val="1"/>
    </Config>
  </FileSet>
  <FileSet Name="constrs_in" Type="BlockSrcs" RelSrcDir="$PSRCDIR/PCCommFIFO">
    <File Path="$PSRCDIR/sources_1/ip/PCCommFIFO/PCCommFIFO.xci">
      <FileInfo>
        <Attr Name="UsedIn" Val="synthesis"/>
        <Attr Name="UsedIn" Val="implementation"/>
        <Attr Name="UsedIn" Val="simulation"/>
      </FileInfo>
    </File>
    <Config>
      <Option Name="TopModule" Val="PCCommFIFO"/>
      <Option Name="UseBlackboxStub" Val="1"/>
    </Config>
  </FileSet>
  <FileSet Name="utils" Type="Utils" RelSrcDir="$PSRCDIR/utils_1">
    <Filter Type="Utils"/>
    <Config>
      <Option Name="TopAutoSet" Val="TRUE"/>
    </Config>
  </FileSet>
  <Strategy Version="1" Minor="2">
    <StratHandle Name="Vivado Synthesis Defaults" Flow="Vivado Synthesis 2019"/>
    <Step Id="synth_design"/>
  </Strategy>
</GenRun>
