<?xml version="1.0" encoding="UTF-8"?>
<GenRun Id="MicroBlazeProcessor_synth_1" LaunchPart="xc7a15tftg256-1" LaunchTime="1578168723">
  <File Type="PA-TCL" Name="MicroBlazeProcessor.tcl"/>
  <File Type="REPORTS-TCL" Name="MicroBlazeProcessor_reports.tcl"/>
  <File Type="RDS-RDS" Name="MicroBlazeProcessor.vds"/>
  <File Type="RDS-UTIL" Name="MicroBlazeProcessor_utilization_synth.rpt"/>
  <File Type="RDS-UTIL-PB" Name="MicroBlazeProcessor_utilization_synth.pb"/>
  <File Type="RDS-DCP" Name="MicroBlazeProcessor.dcp"/>
  <FileSet Name="sources" Type="BlockSrcs" RelSrcDir="$PSRCDIR/MicroBlazeProcessor">
    <File Path="$PSRCDIR/sources_1/ip/MicroBlazeProcessor/MicroBlazeProcessor.xci">
      <FileInfo>
        <Attr Name="UsedIn" Val="synthesis"/>
        <Attr Name="UsedIn" Val="implementation"/>
        <Attr Name="UsedIn" Val="simulation"/>
      </FileInfo>
    </File>
    <Config>
      <Option Name="TopModule" Val="MicroBlazeProcessor"/>
      <Option Name="UseBlackboxStub" Val="1"/>
    </Config>
  </FileSet>
  <FileSet Name="constrs_in" Type="BlockSrcs" RelSrcDir="$PSRCDIR/MicroBlazeProcessor">
    <File Path="$PSRCDIR/sources_1/ip/MicroBlazeProcessor/MicroBlazeProcessor.xci">
      <FileInfo>
        <Attr Name="UsedIn" Val="synthesis"/>
        <Attr Name="UsedIn" Val="implementation"/>
        <Attr Name="UsedIn" Val="simulation"/>
      </FileInfo>
    </File>
    <Config>
      <Option Name="TopModule" Val="MicroBlazeProcessor"/>
      <Option Name="UseBlackboxStub" Val="1"/>
    </Config>
  </FileSet>
  <FileSet Name="utils" Type="Utils" RelSrcDir="$PSRCDIR/utils_1">
    <Filter Type="Utils"/>
    <Config>
      <Option Name="TopAutoSet" Val="TRUE"/>
    </Config>
  </FileSet>
  <Strategy Version="1" Minor="2">
    <StratHandle Name="Vivado Synthesis Defaults" Flow="Vivado Synthesis 2019"/>
    <Step Id="synth_design"/>
  </Strategy>
</GenRun>
