<?xml version="1.0" encoding="UTF-8"?>
<GenRun Id="impl_1" LaunchPart="xc7a15tftg256-1" LaunchTime="1578341350">
  <File Type="ROUTE-PWR" Name="TopLevel_power_routed.rpt"/>
  <File Type="PA-TCL" Name="TopLevel.tcl"/>
  <File Type="BITSTR-BMM" Name="TopLevel_bd.bmm"/>
  <File Type="ROUTE-PWR-SUM" Name="TopLevel_power_summary_routed.pb"/>
  <File Type="REPORTS-TCL" Name="TopLevel_reports.tcl"/>
  <File Type="OPT-DCP" Name="TopLevel_opt.dcp"/>
  <File Type="OPT-DRC" Name="TopLevel_drc_opted.rpt"/>
  <File Type="OPT-HWDEF" Name="TopLevel.hwdef"/>
  <File Type="PWROPT-DCP" Name="TopLevel_pwropt.dcp"/>
  <File Type="PLACE-DCP" Name="TopLevel_placed.dcp"/>
  <File Type="PLACE-IO" Name="TopLevel_io_placed.rpt"/>
  <File Type="PLACE-UTIL" Name="TopLevel_utilization_placed.rpt"/>
  <File Type="PLACE-UTIL-PB" Name="TopLevel_utilization_placed.pb"/>
  <File Type="PLACE-CTRL" Name="TopLevel_control_sets_placed.rpt"/>
  <File Type="PLACE-PRE-SIMILARITY" Name="TopLevel_incremental_reuse_pre_placed.rpt"/>
  <File Type="BG-BGN" Name="TopLevel.bgn"/>
  <File Type="POSTPLACE-PWROPT-DCP" Name="TopLevel_postplace_pwropt.dcp"/>
  <File Type="BG-BIN" Name="TopLevel.bin"/>
  <File Type="PHYSOPT-DCP" Name="TopLevel_physopt.dcp"/>
  <File Type="BITSTR-MSK" Name="TopLevel.msk"/>
  <File Type="ROUTE-ERROR-DCP" Name="TopLevel_routed_error.dcp"/>
  <File Type="ROUTE-DCP" Name="TopLevel_routed.dcp"/>
  <File Type="ROUTE-BLACKBOX-DCP" Name="TopLevel_routed_bb.dcp"/>
  <File Type="ROUTE-DRC" Name="TopLevel_drc_routed.rpt"/>
  <File Type="ROUTE-DRC-PB" Name="TopLevel_drc_routed.pb"/>
  <File Type="ROUTE-DRC-RPX" Name="TopLevel_drc_routed.rpx"/>
  <File Type="BITSTR-LTX" Name="TopLevel.ltx"/>
  <File Type="ROUTE-METHODOLOGY-DRC" Name="TopLevel_methodology_drc_routed.rpt"/>
  <File Type="BITSTR-MMI" Name="TopLevel.mmi"/>
  <File Type="ROUTE-METHODOLOGY-DRC-RPX" Name="TopLevel_methodology_drc_routed.rpx"/>
  <File Type="ROUTE-METHODOLOGY-DRC-PB" Name="TopLevel_methodology_drc_routed.pb"/>
  <File Type="BITSTR-SYSDEF" Name="TopLevel.sysdef"/>
  <File Type="ROUTE-PWR-RPX" Name="TopLevel_power_routed.rpx"/>
  <File Type="ROUTE-STATUS" Name="TopLevel_route_status.rpt"/>
  <File Type="ROUTE-STATUS-PB" Name="TopLevel_route_status.pb"/>
  <File Type="ROUTE-TIMINGSUMMARY" Name="TopLevel_timing_summary_routed.rpt"/>
  <File Type="ROUTE-TIMING-PB" Name="TopLevel_timing_summary_routed.pb"/>
  <File Type="ROUTE-TIMING-RPX" Name="TopLevel_timing_summary_routed.rpx"/>
  <File Type="ROUTE-CLK" Name="TopLevel_clock_utilization_routed.rpt"/>
  <File Type="RDI-RDI" Name="TopLevel.vdi"/>
  <File Type="ROUTE-BUS-SKEW" Name="TopLevel_bus_skew_routed.rpt"/>
  <File Type="ROUTE-BUS-SKEW-PB" Name="TopLevel_bus_skew_routed.pb"/>
  <File Type="ROUTE-BUS-SKEW-RPX" Name="TopLevel_bus_skew_routed.rpx"/>
  <File Type="POSTROUTE-PHYSOPT-DCP" Name="TopLevel_postroute_physopt.dcp"/>
  <File Type="POSTROUTE-PHYSOPT-BLACKBOX-DCP" Name="TopLevel_postroute_physopt_bb.dcp"/>
  <File Type="BG-BIT" Name="TopLevel.bit"/>
  <File Type="BITSTR-RBT" Name="TopLevel.rbt"/>
  <File Type="BITSTR-NKY" Name="TopLevel.nky"/>
  <File Type="BG-DRC" Name="TopLevel.drc"/>
  <File Type="WBT-USG" Name="usage_statistics_webtalk.html"/>
  <FileSet Name="sources" Type="DesignSrcs" RelSrcDir="$PSRCDIR/sources_1">
    <Filter Type="Srcs"/>
    <File Path="$PSRCDIR/sources_1/imports/Firmware/FirstWithFIFO/okCoreHarness.v">
      <FileInfo>
        <Attr Name="ImportPath" Val="$PPRDIR/../../FirstWithFIFO/okCoreHarness.v"/>
        <Attr Name="ImportTime" Val="1525201188"/>
        <Attr Name="UsedIn" Val="synthesis"/>
        <Attr Name="UsedIn" Val="implementation"/>
        <Attr Name="UsedIn" Val="simulation"/>
      </FileInfo>
    </File>
    <File Path="$PSRCDIR/sources_1/imports/Firmware/FirstWithFIFO/okPipeIn.v">
      <FileInfo>
        <Attr Name="ImportPath" Val="$PPRDIR/../../FirstWithFIFO/okPipeIn.v"/>
        <Attr Name="ImportTime" Val="1525201188"/>
        <Attr Name="UsedIn" Val="synthesis"/>
        <Attr Name="UsedIn" Val="implementation"/>
        <Attr Name="UsedIn" Val="simulation"/>
      </FileInfo>
    </File>
    <File Path="$PSRCDIR/sources_1/imports/Firmware/FirstWithFIFO/okPipeOut.v">
      <FileInfo>
        <Attr Name="ImportPath" Val="$PPRDIR/../../FirstWithFIFO/okPipeOut.v"/>
        <Attr Name="ImportTime" Val="1525201188"/>
        <Attr Name="UsedIn" Val="synthesis"/>
        <Attr Name="UsedIn" Val="implementation"/>
        <Attr Name="UsedIn" Val="simulation"/>
      </FileInfo>
    </File>
    <File Path="$PSRCDIR/sources_1/imports/Firmware/FirstWithFIFO/okTriggerIn.v">
      <FileInfo>
        <Attr Name="ImportPath" Val="$PPRDIR/../../FirstWithFIFO/okTriggerIn.v"/>
        <Attr Name="ImportTime" Val="1525201188"/>
        <Attr Name="UsedIn" Val="synthesis"/>
        <Attr Name="UsedIn" Val="implementation"/>
        <Attr Name="UsedIn" Val="simulation"/>
      </FileInfo>
    </File>
    <File Path="$PSRCDIR/sources_1/imports/Firmware/FirstWithFIFO/okTriggerOut.v">
      <FileInfo>
        <Attr Name="ImportPath" Val="$PPRDIR/../../FirstWithFIFO/okTriggerOut.v"/>
        <Attr Name="ImportTime" Val="1525201188"/>
        <Attr Name="UsedIn" Val="synthesis"/>
        <Attr Name="UsedIn" Val="implementation"/>
        <Attr Name="UsedIn" Val="simulation"/>
      </FileInfo>
    </File>
    <File Path="$PSRCDIR/sources_1/imports/Firmware/FirstWithFIFO/okWireIn.v">
      <FileInfo>
        <Attr Name="ImportPath" Val="$PPRDIR/../../FirstWithFIFO/okWireIn.v"/>
        <Attr Name="ImportTime" Val="1525201188"/>
        <Attr Name="UsedIn" Val="synthesis"/>
        <Attr Name="UsedIn" Val="implementation"/>
        <Attr Name="UsedIn" Val="simulation"/>
      </FileInfo>
    </File>
    <File Path="$PSRCDIR/sources_1/imports/Firmware/FirstWithFIFO/okWireOut.v">
      <FileInfo>
        <Attr Name="ImportPath" Val="$PPRDIR/../../FirstWithFIFO/okWireOut.v"/>
        <Attr Name="ImportTime" Val="1525201188"/>
        <Attr Name="UsedIn" Val="synthesis"/>
        <Attr Name="UsedIn" Val="implementation"/>
        <Attr Name="UsedIn" Val="simulation"/>
      </FileInfo>
    </File>
    <File Path="$PSRCDIR/sources_1/new/AddressDecoder.vhd">
      <FileInfo>
        <Attr Name="UsedIn" Val="synthesis"/>
        <Attr Name="UsedIn" Val="simulation"/>
      </FileInfo>
    </File>
    <File Path="$PSRCDIR/sources_1/new/MicroBlazeToPCBridge.vhd">
      <FileInfo>
        <Attr Name="UsedIn" Val="synthesis"/>
        <Attr Name="UsedIn" Val="simulation"/>
      </FileInfo>
    </File>
    <File Path="$PSRCDIR/sources_1/new/OnTimeCounter.vhd">
      <FileInfo>
        <Attr Name="UsedIn" Val="synthesis"/>
        <Attr Name="UsedIn" Val="simulation"/>
      </FileInfo>
    </File>
    <File Path="$PSRCDIR/sources_1/imports/Firmware/FirstWithFIFO/okLibrary.vhd">
      <FileInfo>
        <Attr Name="ImportPath" Val="$PPRDIR/../../FirstWithFIFO/okLibrary.vhd"/>
        <Attr Name="ImportTime" Val="1525201188"/>
        <Attr Name="UsedIn" Val="synthesis"/>
        <Attr Name="UsedIn" Val="simulation"/>
      </FileInfo>
    </File>
    <File Path="$PSRCDIR/sources_1/new/TopLevelApp.vhd">
      <FileInfo>
        <Attr Name="UsedIn" Val="synthesis"/>
        <Attr Name="UsedIn" Val="simulation"/>
      </FileInfo>
    </File>
    <File Path="$PSRCDIR/sources_1/imports/Firmware/BookMaterial/XEM7001Template/TopLevel.vhd">
      <FileInfo>
        <Attr Name="ImportPath" Val="$PPRDIR/../XEM7001Template/TopLevel.vhd"/>
        <Attr Name="ImportTime" Val="1567645531"/>
        <Attr Name="UsedIn" Val="synthesis"/>
        <Attr Name="UsedIn" Val="simulation"/>
      </FileInfo>
    </File>
    <File Path="$PSRCDIR/sources_1/imports/Firmware/FirstWithFIFO/okLibrary.v">
      <FileInfo>
        <Attr Name="AutoDisabled" Val="1"/>
        <Attr Name="ImportPath" Val="$PPRDIR/../../FirstWithFIFO/okLibrary.v"/>
        <Attr Name="ImportTime" Val="1525201188"/>
        <Attr Name="UsedIn" Val="synthesis"/>
        <Attr Name="UsedIn" Val="implementation"/>
        <Attr Name="UsedIn" Val="simulation"/>
      </FileInfo>
    </File>
    <File Path="$PSRCDIR/sources_1/imports/Firmware/FirstWithFIFO/okBTPipeIn.v">
      <FileInfo>
        <Attr Name="AutoDisabled" Val="1"/>
        <Attr Name="ImportPath" Val="$PPRDIR/../../FirstWithFIFO/okBTPipeIn.v"/>
        <Attr Name="ImportTime" Val="1525201188"/>
        <Attr Name="UsedIn" Val="synthesis"/>
        <Attr Name="UsedIn" Val="implementation"/>
        <Attr Name="UsedIn" Val="simulation"/>
      </FileInfo>
    </File>
    <File Path="$PSRCDIR/sources_1/imports/Firmware/FirstWithFIFO/okBTPipeOut.v">
      <FileInfo>
        <Attr Name="AutoDisabled" Val="1"/>
        <Attr Name="ImportPath" Val="$PPRDIR/../../FirstWithFIFO/okBTPipeOut.v"/>
        <Attr Name="ImportTime" Val="1525201188"/>
        <Attr Name="UsedIn" Val="synthesis"/>
        <Attr Name="UsedIn" Val="implementation"/>
        <Attr Name="UsedIn" Val="simulation"/>
      </FileInfo>
    </File>
    <File Path="$PSDKDIR/MicroBlazeCommandAndControl/Debug/MicroBlazeCommandAndControl.elf">
      <FileInfo>
        <Attr Name="UsedIn" Val="implementation"/>
        <Attr Name="ScopedToRef" Val="MicroBlazeProcessor"/>
        <Attr Name="ScopedToCell" Val="inst/microblaze_I"/>
        <Attr Name="IsVisible" Val="1"/>
      </FileInfo>
    </File>
    <Config>
      <Option Name="DesignMode" Val="RTL"/>
      <Option Name="TopModule" Val="TopLevel"/>
    </Config>
  </FileSet>
  <FileSet Name="constrs_in" Type="Constrs" RelSrcDir="$PSRCDIR/constrs_1">
    <Filter Type="Constrs"/>
    <File Path="$PSRCDIR/constrs_1/imports/XEM7001Template/xem7001.xdc">
      <FileInfo>
        <Attr Name="ImportPath" Val="$PPRDIR/../XEM7001Template/xem7001.xdc"/>
        <Attr Name="ImportTime" Val="1568582081"/>
        <Attr Name="UsedIn" Val="synthesis"/>
        <Attr Name="UsedIn" Val="implementation"/>
      </FileInfo>
    </File>
    <Config>
      <Option Name="ConstrsType" Val="XDC"/>
    </Config>
  </FileSet>
  <FileSet Name="utils" Type="Utils" RelSrcDir="$PSRCDIR/utils_1">
    <Filter Type="Utils"/>
    <Config>
      <Option Name="TopAutoSet" Val="TRUE"/>
    </Config>
  </FileSet>
  <Strategy Version="1" Minor="2">
    <StratHandle Name="Vivado Implementation Defaults" Flow="Vivado Implementation 2019"/>
    <Step Id="init_design"/>
    <Step Id="opt_design"/>
    <Step Id="power_opt_design"/>
    <Step Id="place_design"/>
    <Step Id="post_place_power_opt_design"/>
    <Step Id="phys_opt_design"/>
    <Step Id="route_design"/>
    <Step Id="post_route_phys_opt_design"/>
    <Step Id="write_bitstream"/>
  </Strategy>
  <BlockFileSet Type="BlockSrcs" Name="MicroBlazeProcessor"/>
  <BlockFileSet Type="BlockSrcs" Name="PCCommFIFO"/>
</GenRun>
