<?xml version="1.0" encoding="UTF-8" ?>
<webTalkData  fileName='usage_statistics_webtalk.xml'  majorVersion='1' minorVersion='0' timeStamp='Tue Sep  3 14:05:49 2019'>
<section name="__ROOT__" level="0" order="1" description="">
 <section name="software_version_and_target_device" level="1" order="1" description="">
  <keyValuePair key="beta" value="FALSE" description="" />
  <keyValuePair key="build_version" value="2552052" description="" />
  <keyValuePair key="date_generated" value="Tue Sep  3 14:05:49 2019" description="" />
  <keyValuePair key="os_platform" value="WIN64" description="" />
  <keyValuePair key="product_version" value="Vivado v2019.1 (64-bit)" description="" />
  <keyValuePair key="project_id" value="18277f3c24014b11953971add493e793" description="" />
  <keyValuePair key="project_iteration" value="1" description="" />
  <keyValuePair key="random_id" value="0fea23364f8056bf9a4cef74e6ace53a" description="" />
  <keyValuePair key="registration_id" value="0fea23364f8056bf9a4cef74e6ace53a" description="" />
  <keyValuePair key="route_design" value="TRUE" description="" />
  <keyValuePair key="target_device" value="xc7a15t" description="" />
  <keyValuePair key="target_family" value="artix7" description="" />
  <keyValuePair key="target_package" value="ftg256" description="" />
  <keyValuePair key="target_speed" value="-1" description="" />
  <keyValuePair key="tool_flow" value="Vivado" description="" />
 </section>
 <section name="user_environment" level="1" order="2" description="">
  <keyValuePair key="cpu_name" value="Intel(R) Core(TM) i7-8750H CPU @ 2.20GHz" description="" />
  <keyValuePair key="cpu_speed" value="2208 MHz" description="" />
  <keyValuePair key="os_name" value="Windows Server 2016 or Windows 10" description="" />
  <keyValuePair key="os_release" value="major release  (build 9200)" description="" />
  <keyValuePair key="system_ram" value="17.000 GB" description="" />
  <keyValuePair key="total_processors" value="1" description="" />
 </section>
 <section name="ip_statistics" level="1" order="3" description="">
  <section name="fifo_generator_v13_2_4/1" level="2" order="1" description="">
   <keyValuePair key="c_add_ngc_constraint" value="0" description="" />
   <keyValuePair key="c_application_type_axis" value="0" description="" />
   <keyValuePair key="c_application_type_rach" value="0" description="" />
   <keyValuePair key="c_application_type_rdch" value="0" description="" />
   <keyValuePair key="c_application_type_wach" value="0" description="" />
   <keyValuePair key="c_application_type_wdch" value="0" description="" />
   <keyValuePair key="c_application_type_wrch" value="0" description="" />
   <keyValuePair key="c_axi_addr_width" value="32" description="" />
   <keyValuePair key="c_axi_aruser_width" value="1" description="" />
   <keyValuePair key="c_axi_awuser_width" value="1" description="" />
   <keyValuePair key="c_axi_buser_width" value="1" description="" />
   <keyValuePair key="c_axi_data_width" value="64" description="" />
   <keyValuePair key="c_axi_id_width" value="1" description="" />
   <keyValuePair key="c_axi_len_width" value="8" description="" />
   <keyValuePair key="c_axi_lock_width" value="1" description="" />
   <keyValuePair key="c_axi_ruser_width" value="1" description="" />
   <keyValuePair key="c_axi_type" value="1" description="" />
   <keyValuePair key="c_axi_wuser_width" value="1" description="" />
   <keyValuePair key="c_axis_tdata_width" value="8" description="" />
   <keyValuePair key="c_axis_tdest_width" value="1" description="" />
   <keyValuePair key="c_axis_tid_width" value="1" description="" />
   <keyValuePair key="c_axis_tkeep_width" value="1" description="" />
   <keyValuePair key="c_axis_tstrb_width" value="1" description="" />
   <keyValuePair key="c_axis_tuser_width" value="4" description="" />
   <keyValuePair key="c_axis_type" value="0" description="" />
   <keyValuePair key="c_common_clock" value="0" description="" />
   <keyValuePair key="c_count_type" value="0" description="" />
   <keyValuePair key="c_data_count_width" value="11" description="" />
   <keyValuePair key="c_default_value" value="BlankString" description="" />
   <keyValuePair key="c_din_width" value="16" description="" />
   <keyValuePair key="c_din_width_axis" value="1" description="" />
   <keyValuePair key="c_din_width_rach" value="32" description="" />
   <keyValuePair key="c_din_width_rdch" value="64" description="" />
   <keyValuePair key="c_din_width_wach" value="1" description="" />
   <keyValuePair key="c_din_width_wdch" value="64" description="" />
   <keyValuePair key="c_din_width_wrch" value="2" description="" />
   <keyValuePair key="c_dout_rst_val" value="0" description="" />
   <keyValuePair key="c_dout_width" value="16" description="" />
   <keyValuePair key="c_en_safety_ckt" value="0" description="" />
   <keyValuePair key="c_enable_rlocs" value="0" description="" />
   <keyValuePair key="c_enable_rst_sync" value="1" description="" />
   <keyValuePair key="c_error_injection_type" value="0" description="" />
   <keyValuePair key="c_error_injection_type_axis" value="0" description="" />
   <keyValuePair key="c_error_injection_type_rach" value="0" description="" />
   <keyValuePair key="c_error_injection_type_rdch" value="0" description="" />
   <keyValuePair key="c_error_injection_type_wach" value="0" description="" />
   <keyValuePair key="c_error_injection_type_wdch" value="0" description="" />
   <keyValuePair key="c_error_injection_type_wrch" value="0" description="" />
   <keyValuePair key="c_family" value="artix7" description="" />
   <keyValuePair key="c_full_flags_rst_val" value="0" description="" />
   <keyValuePair key="c_has_almost_empty" value="0" description="" />
   <keyValuePair key="c_has_almost_full" value="0" description="" />
   <keyValuePair key="c_has_axi_aruser" value="0" description="" />
   <keyValuePair key="c_has_axi_awuser" value="0" description="" />
   <keyValuePair key="c_has_axi_buser" value="0" description="" />
   <keyValuePair key="c_has_axi_id" value="0" description="" />
   <keyValuePair key="c_has_axi_rd_channel" value="1" description="" />
   <keyValuePair key="c_has_axi_ruser" value="0" description="" />
   <keyValuePair key="c_has_axi_wr_channel" value="1" description="" />
   <keyValuePair key="c_has_axi_wuser" value="0" description="" />
   <keyValuePair key="c_has_axis_tdata" value="1" description="" />
   <keyValuePair key="c_has_axis_tdest" value="0" description="" />
   <keyValuePair key="c_has_axis_tid" value="0" description="" />
   <keyValuePair key="c_has_axis_tkeep" value="0" description="" />
   <keyValuePair key="c_has_axis_tlast" value="0" description="" />
   <keyValuePair key="c_has_axis_tready" value="1" description="" />
   <keyValuePair key="c_has_axis_tstrb" value="0" description="" />
   <keyValuePair key="c_has_axis_tuser" value="1" description="" />
   <keyValuePair key="c_has_backup" value="0" description="" />
   <keyValuePair key="c_has_data_count" value="0" description="" />
   <keyValuePair key="c_has_data_counts_axis" value="0" description="" />
   <keyValuePair key="c_has_data_counts_rach" value="0" description="" />
   <keyValuePair key="c_has_data_counts_rdch" value="0" description="" />
   <keyValuePair key="c_has_data_counts_wach" value="0" description="" />
   <keyValuePair key="c_has_data_counts_wdch" value="0" description="" />
   <keyValuePair key="c_has_data_counts_wrch" value="0" description="" />
   <keyValuePair key="c_has_int_clk" value="0" description="" />
   <keyValuePair key="c_has_master_ce" value="0" description="" />
   <keyValuePair key="c_has_meminit_file" value="0" description="" />
   <keyValuePair key="c_has_overflow" value="0" description="" />
   <keyValuePair key="c_has_prog_flags_axis" value="0" description="" />
   <keyValuePair key="c_has_prog_flags_rach" value="0" description="" />
   <keyValuePair key="c_has_prog_flags_rdch" value="0" description="" />
   <keyValuePair key="c_has_prog_flags_wach" value="0" description="" />
   <keyValuePair key="c_has_prog_flags_wdch" value="0" description="" />
   <keyValuePair key="c_has_prog_flags_wrch" value="0" description="" />
   <keyValuePair key="c_has_rd_data_count" value="0" description="" />
   <keyValuePair key="c_has_rd_rst" value="0" description="" />
   <keyValuePair key="c_has_rst" value="0" description="" />
   <keyValuePair key="c_has_slave_ce" value="0" description="" />
   <keyValuePair key="c_has_srst" value="0" description="" />
   <keyValuePair key="c_has_underflow" value="0" description="" />
   <keyValuePair key="c_has_valid" value="0" description="" />
   <keyValuePair key="c_has_wr_ack" value="0" description="" />
   <keyValuePair key="c_has_wr_data_count" value="0" description="" />
   <keyValuePair key="c_has_wr_rst" value="0" description="" />
   <keyValuePair key="c_implementation_type" value="2" description="" />
   <keyValuePair key="c_implementation_type_axis" value="1" description="" />
   <keyValuePair key="c_implementation_type_rach" value="1" description="" />
   <keyValuePair key="c_implementation_type_rdch" value="1" description="" />
   <keyValuePair key="c_implementation_type_wach" value="1" description="" />
   <keyValuePair key="c_implementation_type_wdch" value="1" description="" />
   <keyValuePair key="c_implementation_type_wrch" value="1" description="" />
   <keyValuePair key="c_init_wr_pntr_val" value="0" description="" />
   <keyValuePair key="c_interface_type" value="0" description="" />
   <keyValuePair key="c_memory_type" value="1" description="" />
   <keyValuePair key="c_mif_file_name" value="BlankString" description="" />
   <keyValuePair key="c_msgon_val" value="1" description="" />
   <keyValuePair key="c_optimization_mode" value="0" description="" />
   <keyValuePair key="c_overflow_low" value="0" description="" />
   <keyValuePair key="c_power_saving_mode" value="0" description="" />
   <keyValuePair key="c_preload_latency" value="1" description="" />
   <keyValuePair key="c_preload_regs" value="0" description="" />
   <keyValuePair key="c_prim_fifo_type" value="2kx18" description="" />
   <keyValuePair key="c_prim_fifo_type_axis" value="1kx18" description="" />
   <keyValuePair key="c_prim_fifo_type_rach" value="512x36" description="" />
   <keyValuePair key="c_prim_fifo_type_rdch" value="1kx36" description="" />
   <keyValuePair key="c_prim_fifo_type_wach" value="512x36" description="" />
   <keyValuePair key="c_prim_fifo_type_wdch" value="1kx36" description="" />
   <keyValuePair key="c_prim_fifo_type_wrch" value="512x36" description="" />
   <keyValuePair key="c_prog_empty_thresh_assert_val" value="2" description="" />
   <keyValuePair key="c_prog_empty_thresh_assert_val_axis" value="1022" description="" />
   <keyValuePair key="c_prog_empty_thresh_assert_val_rach" value="1022" description="" />
   <keyValuePair key="c_prog_empty_thresh_assert_val_rdch" value="1022" description="" />
   <keyValuePair key="c_prog_empty_thresh_assert_val_wach" value="1022" description="" />
   <keyValuePair key="c_prog_empty_thresh_assert_val_wdch" value="1022" description="" />
   <keyValuePair key="c_prog_empty_thresh_assert_val_wrch" value="1022" description="" />
   <keyValuePair key="c_prog_empty_thresh_negate_val" value="3" description="" />
   <keyValuePair key="c_prog_empty_type" value="0" description="" />
   <keyValuePair key="c_prog_empty_type_axis" value="0" description="" />
   <keyValuePair key="c_prog_empty_type_rach" value="0" description="" />
   <keyValuePair key="c_prog_empty_type_rdch" value="0" description="" />
   <keyValuePair key="c_prog_empty_type_wach" value="0" description="" />
   <keyValuePair key="c_prog_empty_type_wdch" value="0" description="" />
   <keyValuePair key="c_prog_empty_type_wrch" value="0" description="" />
   <keyValuePair key="c_prog_full_thresh_assert_val" value="2045" description="" />
   <keyValuePair key="c_prog_full_thresh_assert_val_axis" value="1023" description="" />
   <keyValuePair key="c_prog_full_thresh_assert_val_rach" value="1023" description="" />
   <keyValuePair key="c_prog_full_thresh_assert_val_rdch" value="1023" description="" />
   <keyValuePair key="c_prog_full_thresh_assert_val_wach" value="1023" description="" />
   <keyValuePair key="c_prog_full_thresh_assert_val_wdch" value="1023" description="" />
   <keyValuePair key="c_prog_full_thresh_assert_val_wrch" value="1023" description="" />
   <keyValuePair key="c_prog_full_thresh_negate_val" value="2044" description="" />
   <keyValuePair key="c_prog_full_type" value="0" description="" />
   <keyValuePair key="c_prog_full_type_axis" value="0" description="" />
   <keyValuePair key="c_prog_full_type_rach" value="0" description="" />
   <keyValuePair key="c_prog_full_type_rdch" value="0" description="" />
   <keyValuePair key="c_prog_full_type_wach" value="0" description="" />
   <keyValuePair key="c_prog_full_type_wdch" value="0" description="" />
   <keyValuePair key="c_prog_full_type_wrch" value="0" description="" />
   <keyValuePair key="c_rach_type" value="0" description="" />
   <keyValuePair key="c_rd_data_count_width" value="11" description="" />
   <keyValuePair key="c_rd_depth" value="2048" description="" />
   <keyValuePair key="c_rd_freq" value="1" description="" />
   <keyValuePair key="c_rd_pntr_width" value="11" description="" />
   <keyValuePair key="c_rdch_type" value="0" description="" />
   <keyValuePair key="c_reg_slice_mode_axis" value="0" description="" />
   <keyValuePair key="c_reg_slice_mode_rach" value="0" description="" />
   <keyValuePair key="c_reg_slice_mode_rdch" value="0" description="" />
   <keyValuePair key="c_reg_slice_mode_wach" value="0" description="" />
   <keyValuePair key="c_reg_slice_mode_wdch" value="0" description="" />
   <keyValuePair key="c_reg_slice_mode_wrch" value="0" description="" />
   <keyValuePair key="c_select_xpm" value="0" description="" />
   <keyValuePair key="c_synchronizer_stage" value="2" description="" />
   <keyValuePair key="c_underflow_low" value="0" description="" />
   <keyValuePair key="c_use_common_overflow" value="0" description="" />
   <keyValuePair key="c_use_common_underflow" value="0" description="" />
   <keyValuePair key="c_use_default_settings" value="0" description="" />
   <keyValuePair key="c_use_dout_rst" value="0" description="" />
   <keyValuePair key="c_use_ecc" value="0" description="" />
   <keyValuePair key="c_use_ecc_axis" value="0" description="" />
   <keyValuePair key="c_use_ecc_rach" value="0" description="" />
   <keyValuePair key="c_use_ecc_rdch" value="0" description="" />
   <keyValuePair key="c_use_ecc_wach" value="0" description="" />
   <keyValuePair key="c_use_ecc_wdch" value="0" description="" />
   <keyValuePair key="c_use_ecc_wrch" value="0" description="" />
   <keyValuePair key="c_use_embedded_reg" value="0" description="" />
   <keyValuePair key="c_use_fifo16_flags" value="0" description="" />
   <keyValuePair key="c_use_fwft_data_count" value="0" description="" />
   <keyValuePair key="c_use_pipeline_reg" value="0" description="" />
   <keyValuePair key="c_valid_low" value="0" description="" />
   <keyValuePair key="c_wach_type" value="0" description="" />
   <keyValuePair key="c_wdch_type" value="0" description="" />
   <keyValuePair key="c_wr_ack_low" value="0" description="" />
   <keyValuePair key="c_wr_data_count_width" value="11" description="" />
   <keyValuePair key="c_wr_depth" value="2048" description="" />
   <keyValuePair key="c_wr_depth_axis" value="1024" description="" />
   <keyValuePair key="c_wr_depth_rach" value="16" description="" />
   <keyValuePair key="c_wr_depth_rdch" value="1024" description="" />
   <keyValuePair key="c_wr_depth_wach" value="16" description="" />
   <keyValuePair key="c_wr_depth_wdch" value="1024" description="" />
   <keyValuePair key="c_wr_depth_wrch" value="16" description="" />
   <keyValuePair key="c_wr_freq" value="1" description="" />
   <keyValuePair key="c_wr_pntr_width" value="11" description="" />
   <keyValuePair key="c_wr_pntr_width_axis" value="10" description="" />
   <keyValuePair key="c_wr_pntr_width_rach" value="4" description="" />
   <keyValuePair key="c_wr_pntr_width_rdch" value="10" description="" />
   <keyValuePair key="c_wr_pntr_width_wach" value="4" description="" />
   <keyValuePair key="c_wr_pntr_width_wdch" value="10" description="" />
   <keyValuePair key="c_wr_pntr_width_wrch" value="4" description="" />
   <keyValuePair key="c_wr_response_latency" value="1" description="" />
   <keyValuePair key="c_wrch_type" value="0" description="" />
   <keyValuePair key="core_container" value="false" description="" />
   <keyValuePair key="iptotal" value="1" description="" />
   <keyValuePair key="x_ipcorerevision" value="4" description="" />
   <keyValuePair key="x_iplanguage" value="VERILOG" description="" />
   <keyValuePair key="x_iplibrary" value="ip" description="" />
   <keyValuePair key="x_ipname" value="fifo_generator" description="" />
   <keyValuePair key="x_ipproduct" value="Vivado 2019.1" description="" />
   <keyValuePair key="x_ipsimlanguage" value="MIXED" description="" />
   <keyValuePair key="x_ipvendor" value="xilinx.com" description="" />
   <keyValuePair key="x_ipversion" value="13.2" description="" />
  </section>
  <section name="xpm_cdc_gray/1" level="2" order="2" description="">
   <keyValuePair key="core_container" value="NA" description="" />
   <keyValuePair key="dest_sync_ff" value="2" description="" />
   <keyValuePair key="init_sync_ff" value="0" description="" />
   <keyValuePair key="iptotal" value="2" description="" />
   <keyValuePair key="reg_output" value="1" description="" />
   <keyValuePair key="sim_assert_chk" value="0" description="" />
   <keyValuePair key="sim_lossless_gray_chk" value="0" description="" />
   <keyValuePair key="version" value="0" description="" />
   <keyValuePair key="width" value="11" description="" />
  </section>
 </section>
 <section name="power_opt_design" level="1" order="4" description="">
  <section name="command_line_options_spo" level="2" order="1" description="">
   <keyValuePair key="-cell_types" value="default::all" description="" />
   <keyValuePair key="-clocks" value="default::[not_specified]" description="" />
   <keyValuePair key="-exclude_cells" value="default::[not_specified]" description="" />
   <keyValuePair key="-include_cells" value="default::[not_specified]" description="" />
  </section>
  <section name="usage" level="2" order="2" description="">
   <keyValuePair key="bram_ports_augmented" value="1" description="" />
   <keyValuePair key="bram_ports_newly_gated" value="0" description="" />
   <keyValuePair key="bram_ports_total" value="6" description="" />
   <keyValuePair key="flow_state" value="default" description="" />
   <keyValuePair key="slice_registers_augmented" value="0" description="" />
   <keyValuePair key="slice_registers_newly_gated" value="0" description="" />
   <keyValuePair key="slice_registers_total" value="828" description="" />
   <keyValuePair key="srls_augmented" value="0" description="" />
   <keyValuePair key="srls_newly_gated" value="0" description="" />
   <keyValuePair key="srls_total" value="0" description="" />
  </section>
 </section>
 <section name="report_drc" level="1" order="5" description="">
  <section name="command_line_options" level="2" order="1" description="">
   <keyValuePair key="-append" value="default::[not_specified]" description="" />
   <keyValuePair key="-checks" value="default::[not_specified]" description="" />
   <keyValuePair key="-fail_on" value="default::[not_specified]" description="" />
   <keyValuePair key="-force" value="default::[not_specified]" description="" />
   <keyValuePair key="-format" value="default::[not_specified]" description="" />
   <keyValuePair key="-internal" value="default::[not_specified]" description="" />
   <keyValuePair key="-internal_only" value="default::[not_specified]" description="" />
   <keyValuePair key="-messages" value="default::[not_specified]" description="" />
   <keyValuePair key="-name" value="default::[not_specified]" description="" />
   <keyValuePair key="-no_waivers" value="default::[not_specified]" description="" />
   <keyValuePair key="-return_string" value="default::[not_specified]" description="" />
   <keyValuePair key="-ruledecks" value="default::[not_specified]" description="" />
   <keyValuePair key="-upgrade_cw" value="default::[not_specified]" description="" />
   <keyValuePair key="-waived" value="default::[not_specified]" description="" />
  </section>
  <section name="results" level="2" order="2" description="">
   <keyValuePair key="check-3" value="1" description="" />
   <keyValuePair key="reqp-1840" value="20" description="" />
  </section>
 </section>
 <section name="report_utilization" level="1" order="6" description="">
  <section name="clocking" level="2" order="1" description="">
   <keyValuePair key="bufgctrl_available" value="32" description="" />
   <keyValuePair key="bufgctrl_fixed" value="0" description="" />
   <keyValuePair key="bufgctrl_used" value="2" description="" />
   <keyValuePair key="bufgctrl_util_percentage" value="6.25" description="" />
   <keyValuePair key="bufhce_available" value="72" description="" />
   <keyValuePair key="bufhce_fixed" value="0" description="" />
   <keyValuePair key="bufhce_used" value="0" description="" />
   <keyValuePair key="bufhce_util_percentage" value="0.00" description="" />
   <keyValuePair key="bufio_available" value="20" description="" />
   <keyValuePair key="bufio_fixed" value="0" description="" />
   <keyValuePair key="bufio_used" value="0" description="" />
   <keyValuePair key="bufio_util_percentage" value="0.00" description="" />
   <keyValuePair key="bufmrce_available" value="10" description="" />
   <keyValuePair key="bufmrce_fixed" value="0" description="" />
   <keyValuePair key="bufmrce_used" value="0" description="" />
   <keyValuePair key="bufmrce_util_percentage" value="0.00" description="" />
   <keyValuePair key="bufr_available" value="20" description="" />
   <keyValuePair key="bufr_fixed" value="0" description="" />
   <keyValuePair key="bufr_used" value="0" description="" />
   <keyValuePair key="bufr_util_percentage" value="0.00" description="" />
   <keyValuePair key="mmcme2_adv_available" value="5" description="" />
   <keyValuePair key="mmcme2_adv_fixed" value="0" description="" />
   <keyValuePair key="mmcme2_adv_used" value="1" description="" />
   <keyValuePair key="mmcme2_adv_util_percentage" value="20.00" description="" />
   <keyValuePair key="plle2_adv_available" value="5" description="" />
   <keyValuePair key="plle2_adv_fixed" value="0" description="" />
   <keyValuePair key="plle2_adv_used" value="0" description="" />
   <keyValuePair key="plle2_adv_util_percentage" value="0.00" description="" />
  </section>
  <section name="dsp" level="2" order="2" description="">
   <keyValuePair key="dsps_available" value="45" description="" />
   <keyValuePair key="dsps_fixed" value="0" description="" />
   <keyValuePair key="dsps_used" value="0" description="" />
   <keyValuePair key="dsps_util_percentage" value="0.00" description="" />
  </section>
  <section name="io_standard" level="2" order="3" description="">
   <keyValuePair key="blvds_25" value="0" description="" />
   <keyValuePair key="diff_hstl_i" value="0" description="" />
   <keyValuePair key="diff_hstl_i_18" value="0" description="" />
   <keyValuePair key="diff_hstl_ii" value="0" description="" />
   <keyValuePair key="diff_hstl_ii_18" value="0" description="" />
   <keyValuePair key="diff_hsul_12" value="0" description="" />
   <keyValuePair key="diff_mobile_ddr" value="0" description="" />
   <keyValuePair key="diff_sstl135" value="0" description="" />
   <keyValuePair key="diff_sstl135_r" value="0" description="" />
   <keyValuePair key="diff_sstl15" value="0" description="" />
   <keyValuePair key="diff_sstl15_r" value="0" description="" />
   <keyValuePair key="diff_sstl18_i" value="0" description="" />
   <keyValuePair key="diff_sstl18_ii" value="0" description="" />
   <keyValuePair key="hstl_i" value="0" description="" />
   <keyValuePair key="hstl_i_18" value="0" description="" />
   <keyValuePair key="hstl_ii" value="0" description="" />
   <keyValuePair key="hstl_ii_18" value="0" description="" />
   <keyValuePair key="hsul_12" value="0" description="" />
   <keyValuePair key="lvcmos12" value="0" description="" />
   <keyValuePair key="lvcmos15" value="0" description="" />
   <keyValuePair key="lvcmos18" value="0" description="" />
   <keyValuePair key="lvcmos25" value="0" description="" />
   <keyValuePair key="lvcmos33" value="1" description="" />
   <keyValuePair key="lvds_25" value="0" description="" />
   <keyValuePair key="lvttl" value="0" description="" />
   <keyValuePair key="mini_lvds_25" value="0" description="" />
   <keyValuePair key="mobile_ddr" value="0" description="" />
   <keyValuePair key="pci33_3" value="0" description="" />
   <keyValuePair key="ppds_25" value="0" description="" />
   <keyValuePair key="rsds_25" value="0" description="" />
   <keyValuePair key="sstl135" value="0" description="" />
   <keyValuePair key="sstl135_r" value="0" description="" />
   <keyValuePair key="sstl15" value="0" description="" />
   <keyValuePair key="sstl15_r" value="0" description="" />
   <keyValuePair key="sstl18_i" value="0" description="" />
   <keyValuePair key="sstl18_ii" value="0" description="" />
   <keyValuePair key="tmds_33" value="0" description="" />
  </section>
  <section name="memory" level="2" order="4" description="">
   <keyValuePair key="block_ram_tile_available" value="25" description="" />
   <keyValuePair key="block_ram_tile_fixed" value="0" description="" />
   <keyValuePair key="block_ram_tile_used" value="2" description="" />
   <keyValuePair key="block_ram_tile_util_percentage" value="8.00" description="" />
   <keyValuePair key="ramb18_available" value="50" description="" />
   <keyValuePair key="ramb18_fixed" value="0" description="" />
   <keyValuePair key="ramb18_used" value="2" description="" />
   <keyValuePair key="ramb18_util_percentage" value="4.00" description="" />
   <keyValuePair key="ramb18e1_only_used" value="2" description="" />
   <keyValuePair key="ramb36_fifo_available" value="25" description="" />
   <keyValuePair key="ramb36_fifo_fixed" value="0" description="" />
   <keyValuePair key="ramb36_fifo_used" value="1" description="" />
   <keyValuePair key="ramb36_fifo_util_percentage" value="4.00" description="" />
   <keyValuePair key="ramb36e1_only_used" value="1" description="" />
  </section>
  <section name="primitives" level="2" order="5" description="">
   <keyValuePair key="bufg_functional_category" value="Clock" description="" />
   <keyValuePair key="bufg_used" value="2" description="" />
   <keyValuePair key="carry4_functional_category" value="CarryLogic" description="" />
   <keyValuePair key="carry4_used" value="38" description="" />
   <keyValuePair key="dna_port_functional_category" value="Others" description="" />
   <keyValuePair key="dna_port_used" value="1" description="" />
   <keyValuePair key="fdce_functional_category" value="Flop &amp; Latch" description="" />
   <keyValuePair key="fdce_used" value="165" description="" />
   <keyValuePair key="fdpe_functional_category" value="Flop &amp; Latch" description="" />
   <keyValuePair key="fdpe_used" value="44" description="" />
   <keyValuePair key="fdre_functional_category" value="Flop &amp; Latch" description="" />
   <keyValuePair key="fdre_used" value="622" description="" />
   <keyValuePair key="ibuf_functional_category" value="IO" description="" />
   <keyValuePair key="ibuf_used" value="29" description="" />
   <keyValuePair key="lut1_functional_category" value="LUT" description="" />
   <keyValuePair key="lut1_used" value="46" description="" />
   <keyValuePair key="lut2_functional_category" value="LUT" description="" />
   <keyValuePair key="lut2_used" value="93" description="" />
   <keyValuePair key="lut3_functional_category" value="LUT" description="" />
   <keyValuePair key="lut3_used" value="111" description="" />
   <keyValuePair key="lut4_functional_category" value="LUT" description="" />
   <keyValuePair key="lut4_used" value="170" description="" />
   <keyValuePair key="lut5_functional_category" value="LUT" description="" />
   <keyValuePair key="lut5_used" value="115" description="" />
   <keyValuePair key="lut6_functional_category" value="LUT" description="" />
   <keyValuePair key="lut6_used" value="305" description="" />
   <keyValuePair key="mmcme2_adv_functional_category" value="Clock" description="" />
   <keyValuePair key="mmcme2_adv_used" value="1" description="" />
   <keyValuePair key="muxf7_functional_category" value="MuxFx" description="" />
   <keyValuePair key="muxf7_used" value="8" description="" />
   <keyValuePair key="obuf_functional_category" value="IO" description="" />
   <keyValuePair key="obuf_used" value="11" description="" />
   <keyValuePair key="obuft_functional_category" value="IO" description="" />
   <keyValuePair key="obuft_used" value="17" description="" />
   <keyValuePair key="ramb18e1_functional_category" value="Block Memory" description="" />
   <keyValuePair key="ramb18e1_used" value="2" description="" />
   <keyValuePair key="ramb36e1_functional_category" value="Block Memory" description="" />
   <keyValuePair key="ramb36e1_used" value="1" description="" />
   <keyValuePair key="ramd32_functional_category" value="Distributed Memory" description="" />
   <keyValuePair key="ramd32_used" value="24" description="" />
   <keyValuePair key="rams32_functional_category" value="Distributed Memory" description="" />
   <keyValuePair key="rams32_used" value="8" description="" />
   <keyValuePair key="rams64e_functional_category" value="Distributed Memory" description="" />
   <keyValuePair key="rams64e_used" value="16" description="" />
  </section>
  <section name="slice_logic" level="2" order="6" description="">
   <keyValuePair key="f7_muxes_available" value="16300" description="" />
   <keyValuePair key="f7_muxes_fixed" value="0" description="" />
   <keyValuePair key="f7_muxes_used" value="8" description="" />
   <keyValuePair key="f7_muxes_util_percentage" value="0.05" description="" />
   <keyValuePair key="f8_muxes_available" value="8150" description="" />
   <keyValuePair key="f8_muxes_fixed" value="0" description="" />
   <keyValuePair key="f8_muxes_used" value="0" description="" />
   <keyValuePair key="f8_muxes_util_percentage" value="0.00" description="" />
   <keyValuePair key="lut_as_distributed_ram_fixed" value="0" description="" />
   <keyValuePair key="lut_as_distributed_ram_fixed" value="0" description="" />
   <keyValuePair key="lut_as_distributed_ram_used" value="32" description="" />
   <keyValuePair key="lut_as_distributed_ram_used" value="32" description="" />
   <keyValuePair key="lut_as_logic_available" value="10400" description="" />
   <keyValuePair key="lut_as_logic_available" value="10400" description="" />
   <keyValuePair key="lut_as_logic_fixed" value="0" description="" />
   <keyValuePair key="lut_as_logic_fixed" value="0" description="" />
   <keyValuePair key="lut_as_logic_used" value="742" description="" />
   <keyValuePair key="lut_as_logic_used" value="742" description="" />
   <keyValuePair key="lut_as_logic_util_percentage" value="7.13" description="" />
   <keyValuePair key="lut_as_logic_util_percentage" value="7.13" description="" />
   <keyValuePair key="lut_as_memory_available" value="9600" description="" />
   <keyValuePair key="lut_as_memory_available" value="9600" description="" />
   <keyValuePair key="lut_as_memory_fixed" value="0" description="" />
   <keyValuePair key="lut_as_memory_fixed" value="0" description="" />
   <keyValuePair key="lut_as_memory_used" value="32" description="" />
   <keyValuePair key="lut_as_memory_used" value="32" description="" />
   <keyValuePair key="lut_as_memory_util_percentage" value="0.33" description="" />
   <keyValuePair key="lut_as_memory_util_percentage" value="0.33" description="" />
   <keyValuePair key="lut_as_shift_register_fixed" value="0" description="" />
   <keyValuePair key="lut_as_shift_register_fixed" value="0" description="" />
   <keyValuePair key="lut_as_shift_register_used" value="0" description="" />
   <keyValuePair key="lut_as_shift_register_used" value="0" description="" />
   <keyValuePair key="lut_in_front_of_the_register_is_unused_fixed" value="0" description="" />
   <keyValuePair key="lut_in_front_of_the_register_is_unused_used" value="158" description="" />
   <keyValuePair key="lut_in_front_of_the_register_is_used_fixed" value="158" description="" />
   <keyValuePair key="lut_in_front_of_the_register_is_used_used" value="190" description="" />
   <keyValuePair key="register_as_flip_flop_available" value="20800" description="" />
   <keyValuePair key="register_as_flip_flop_fixed" value="0" description="" />
   <keyValuePair key="register_as_flip_flop_used" value="783" description="" />
   <keyValuePair key="register_as_flip_flop_util_percentage" value="3.76" description="" />
   <keyValuePair key="register_as_latch_available" value="20800" description="" />
   <keyValuePair key="register_as_latch_fixed" value="0" description="" />
   <keyValuePair key="register_as_latch_used" value="0" description="" />
   <keyValuePair key="register_as_latch_util_percentage" value="0.00" description="" />
   <keyValuePair key="register_driven_from_outside_the_slice_fixed" value="190" description="" />
   <keyValuePair key="register_driven_from_outside_the_slice_used" value="348" description="" />
   <keyValuePair key="register_driven_from_within_the_slice_fixed" value="348" description="" />
   <keyValuePair key="register_driven_from_within_the_slice_used" value="435" description="" />
   <keyValuePair key="slice_available" value="8150" description="" />
   <keyValuePair key="slice_fixed" value="0" description="" />
   <keyValuePair key="slice_luts_available" value="10400" description="" />
   <keyValuePair key="slice_luts_fixed" value="0" description="" />
   <keyValuePair key="slice_luts_used" value="774" description="" />
   <keyValuePair key="slice_luts_util_percentage" value="7.44" description="" />
   <keyValuePair key="slice_registers_available" value="20800" description="" />
   <keyValuePair key="slice_registers_available" value="20800" description="" />
   <keyValuePair key="slice_registers_fixed" value="0" description="" />
   <keyValuePair key="slice_registers_fixed" value="0" description="" />
   <keyValuePair key="slice_registers_used" value="783" description="" />
   <keyValuePair key="slice_registers_used" value="783" description="" />
   <keyValuePair key="slice_registers_util_percentage" value="3.76" description="" />
   <keyValuePair key="slice_registers_util_percentage" value="3.76" description="" />
   <keyValuePair key="slice_used" value="266" description="" />
   <keyValuePair key="slice_util_percentage" value="3.26" description="" />
   <keyValuePair key="slicel_fixed" value="0" description="" />
   <keyValuePair key="slicel_used" value="159" description="" />
   <keyValuePair key="slicem_fixed" value="0" description="" />
   <keyValuePair key="slicem_used" value="107" description="" />
   <keyValuePair key="unique_control_sets_available" value="8150" description="" />
   <keyValuePair key="unique_control_sets_fixed" value="8150" description="" />
   <keyValuePair key="unique_control_sets_used" value="49" description="" />
   <keyValuePair key="unique_control_sets_util_percentage" value="0.60" description="" />
   <keyValuePair key="using_o5_and_o6_fixed" value="0.60" description="" />
   <keyValuePair key="using_o5_and_o6_used" value="16" description="" />
   <keyValuePair key="using_o5_output_only_fixed" value="16" description="" />
   <keyValuePair key="using_o5_output_only_used" value="0" description="" />
   <keyValuePair key="using_o6_output_only_fixed" value="0" description="" />
   <keyValuePair key="using_o6_output_only_used" value="16" description="" />
  </section>
  <section name="specific_feature" level="2" order="7" description="">
   <keyValuePair key="bscane2_available" value="4" description="" />
   <keyValuePair key="bscane2_fixed" value="0" description="" />
   <keyValuePair key="bscane2_used" value="0" description="" />
   <keyValuePair key="bscane2_util_percentage" value="0.00" description="" />
   <keyValuePair key="capturee2_available" value="1" description="" />
   <keyValuePair key="capturee2_fixed" value="0" description="" />
   <keyValuePair key="capturee2_used" value="0" description="" />
   <keyValuePair key="capturee2_util_percentage" value="0.00" description="" />
   <keyValuePair key="dna_port_available" value="1" description="" />
   <keyValuePair key="dna_port_fixed" value="0" description="" />
   <keyValuePair key="dna_port_used" value="1" description="" />
   <keyValuePair key="dna_port_util_percentage" value="100.00" description="" />
   <keyValuePair key="efuse_usr_available" value="1" description="" />
   <keyValuePair key="efuse_usr_fixed" value="0" description="" />
   <keyValuePair key="efuse_usr_used" value="0" description="" />
   <keyValuePair key="efuse_usr_util_percentage" value="0.00" description="" />
   <keyValuePair key="frame_ecce2_available" value="1" description="" />
   <keyValuePair key="frame_ecce2_fixed" value="0" description="" />
   <keyValuePair key="frame_ecce2_used" value="0" description="" />
   <keyValuePair key="frame_ecce2_util_percentage" value="0.00" description="" />
   <keyValuePair key="icape2_available" value="2" description="" />
   <keyValuePair key="icape2_fixed" value="0" description="" />
   <keyValuePair key="icape2_used" value="0" description="" />
   <keyValuePair key="icape2_util_percentage" value="0.00" description="" />
   <keyValuePair key="pcie_2_1_available" value="1" description="" />
   <keyValuePair key="pcie_2_1_fixed" value="0" description="" />
   <keyValuePair key="pcie_2_1_used" value="0" description="" />
   <keyValuePair key="pcie_2_1_util_percentage" value="0.00" description="" />
   <keyValuePair key="startupe2_available" value="1" description="" />
   <keyValuePair key="startupe2_fixed" value="0" description="" />
   <keyValuePair key="startupe2_used" value="0" description="" />
   <keyValuePair key="startupe2_util_percentage" value="0.00" description="" />
   <keyValuePair key="xadc_available" value="1" description="" />
   <keyValuePair key="xadc_fixed" value="0" description="" />
   <keyValuePair key="xadc_used" value="0" description="" />
   <keyValuePair key="xadc_util_percentage" value="0.00" description="" />
  </section>
 </section>
 <section name="synthesis" level="1" order="7" description="">
  <section name="command_line_options" level="2" order="1" description="">
   <keyValuePair key="-assert" value="default::[not_specified]" description="" />
   <keyValuePair key="-bufg" value="default::12" description="" />
   <keyValuePair key="-cascade_dsp" value="default::auto" description="" />
   <keyValuePair key="-constrset" value="default::[not_specified]" description="" />
   <keyValuePair key="-control_set_opt_threshold" value="default::auto" description="" />
   <keyValuePair key="-directive" value="default::default" description="" />
   <keyValuePair key="-fanout_limit" value="default::10000" description="" />
   <keyValuePair key="-flatten_hierarchy" value="default::rebuilt" description="" />
   <keyValuePair key="-fsm_extraction" value="default::auto" description="" />
   <keyValuePair key="-gated_clock_conversion" value="default::off" description="" />
   <keyValuePair key="-generic" value="default::[not_specified]" description="" />
   <keyValuePair key="-include_dirs" value="default::[not_specified]" description="" />
   <keyValuePair key="-keep_equivalent_registers" value="default::[not_specified]" description="" />
   <keyValuePair key="-max_bram" value="default::-1" description="" />
   <keyValuePair key="-max_bram_cascade_height" value="default::-1" description="" />
   <keyValuePair key="-max_dsp" value="default::-1" description="" />
   <keyValuePair key="-max_uram" value="default::-1" description="" />
   <keyValuePair key="-max_uram_cascade_height" value="default::-1" description="" />
   <keyValuePair key="-mode" value="default::default" description="" />
   <keyValuePair key="-name" value="default::[not_specified]" description="" />
   <keyValuePair key="-no_lc" value="default::[not_specified]" description="" />
   <keyValuePair key="-no_srlextract" value="default::[not_specified]" description="" />
   <keyValuePair key="-no_timing_driven" value="default::[not_specified]" description="" />
   <keyValuePair key="-part" value="xc7a15tftg256-1" description="" />
   <keyValuePair key="-resource_sharing" value="default::auto" description="" />
   <keyValuePair key="-retiming" value="default::[not_specified]" description="" />
   <keyValuePair key="-rtl" value="default::[not_specified]" description="" />
   <keyValuePair key="-rtl_skip_constraints" value="default::[not_specified]" description="" />
   <keyValuePair key="-rtl_skip_ip" value="default::[not_specified]" description="" />
   <keyValuePair key="-seu_protect" value="default::none" description="" />
   <keyValuePair key="-sfcu" value="default::[not_specified]" description="" />
   <keyValuePair key="-shreg_min_size" value="default::3" description="" />
   <keyValuePair key="-top" value="TopLevel" description="" />
   <keyValuePair key="-verilog_define" value="default::[not_specified]" description="" />
  </section>
  <section name="usage" level="2" order="2" description="">
   <keyValuePair key="elapsed" value="00:00:29s" description="" />
   <keyValuePair key="hls_ip" value="0" description="" />
   <keyValuePair key="memory_gain" value="615.758MB" description="" />
   <keyValuePair key="memory_peak" value="914.262MB" description="" />
  </section>
 </section>
 <section name="unisim_transformation" level="1" order="8" description="">
  <section name="post_unisim_transformation" level="2" order="1" description="">
   <keyValuePair key="bufg" value="2" description="" />
   <keyValuePair key="carry4" value="38" description="" />
   <keyValuePair key="dna_port" value="1" description="" />
   <keyValuePair key="fdce" value="162" description="" />
   <keyValuePair key="fdpe" value="44" description="" />
   <keyValuePair key="fdre" value="624" description="" />
   <keyValuePair key="gnd" value="36" description="" />
   <keyValuePair key="ibuf" value="29" description="" />
   <keyValuePair key="lut1" value="48" description="" />
   <keyValuePair key="lut2" value="85" description="" />
   <keyValuePair key="lut3" value="65" description="" />
   <keyValuePair key="lut4" value="198" description="" />
   <keyValuePair key="lut5" value="132" description="" />
   <keyValuePair key="lut6" value="338" description="" />
   <keyValuePair key="mmcme2_adv" value="1" description="" />
   <keyValuePair key="muxf7" value="8" description="" />
   <keyValuePair key="obuf" value="11" description="" />
   <keyValuePair key="obuft" value="17" description="" />
   <keyValuePair key="ramb18e1" value="2" description="" />
   <keyValuePair key="ramb36e1" value="1" description="" />
   <keyValuePair key="ramd32" value="24" description="" />
   <keyValuePair key="rams32" value="8" description="" />
   <keyValuePair key="rams64e" value="16" description="" />
   <keyValuePair key="vcc" value="22" description="" />
  </section>
  <section name="pre_unisim_transformation" level="2" order="2" description="">
   <keyValuePair key="bufg" value="2" description="" />
   <keyValuePair key="carry4" value="38" description="" />
   <keyValuePair key="dna_port" value="1" description="" />
   <keyValuePair key="fdce" value="162" description="" />
   <keyValuePair key="fdpe" value="44" description="" />
   <keyValuePair key="fdre" value="624" description="" />
   <keyValuePair key="gnd" value="36" description="" />
   <keyValuePair key="ibuf" value="12" description="" />
   <keyValuePair key="iobuf" value="17" description="" />
   <keyValuePair key="lut1" value="48" description="" />
   <keyValuePair key="lut2" value="85" description="" />
   <keyValuePair key="lut3" value="65" description="" />
   <keyValuePair key="lut4" value="198" description="" />
   <keyValuePair key="lut5" value="82" description="" />
   <keyValuePair key="lut6" value="288" description="" />
   <keyValuePair key="lut6_2" value="50" description="" />
   <keyValuePair key="mmcme2_adv" value="1" description="" />
   <keyValuePair key="obuf" value="11" description="" />
   <keyValuePair key="ram128x1s" value="8" description="" />
   <keyValuePair key="ram32m" value="4" description="" />
   <keyValuePair key="ramb18e1" value="2" description="" />
   <keyValuePair key="ramb36e1" value="1" description="" />
   <keyValuePair key="vcc" value="22" description="" />
  </section>
 </section>
 <section name="vivado_usage" level="1" order="9" description="">
  <section name="gui_handlers" level="2" order="1" description="">
   <keyValuePair key="addsrcwizard_specify_hdl_netlist_block_design" value="1" description="" />
   <keyValuePair key="basedialog_ok" value="5" description="" />
   <keyValuePair key="constraintschooserpanel_add_files" value="2" description="" />
   <keyValuePair key="coretreetablepanel_core_tree_table" value="4" description="" />
   <keyValuePair key="filesetpanel_file_set_panel_tree" value="35" description="" />
   <keyValuePair key="flownavigatortreepanel_flow_navigator_tree" value="1" description="" />
   <keyValuePair key="fpgachooser_fpga_table" value="1" description="" />
   <keyValuePair key="hinputhandler_toggle_line_comments" value="3" description="" />
   <keyValuePair key="hjfilechooserrecentlistpreview_recent_directories" value="1" description="" />
   <keyValuePair key="mainmenumgr_file" value="2" description="" />
   <keyValuePair key="mainmenumgr_project" value="1" description="" />
   <keyValuePair key="mainmenumgr_window" value="4" description="" />
   <keyValuePair key="pacommandnames_add_sources" value="4" description="" />
   <keyValuePair key="pacommandnames_auto_update_hier" value="5" description="" />
   <keyValuePair key="pacommandnames_core_gen" value="2" description="" />
   <keyValuePair key="pacommandnames_new_project" value="1" description="" />
   <keyValuePair key="pacommandnames_run_bitgen" value="1" description="" />
   <keyValuePair key="pacommandnames_set_as_top" value="1" description="" />
   <keyValuePair key="paviews_code" value="1" description="" />
   <keyValuePair key="paviews_ip_catalog" value="2" description="" />
   <keyValuePair key="projectnamechooser_project_name" value="1" description="" />
   <keyValuePair key="rdicommands_save_file" value="2" description="" />
   <keyValuePair key="simpleoutputproductdialog_generate_output_products_immediately" value="1" description="" />
   <keyValuePair key="simpleoutputproductdialog_synthesize_all_ip_including_ip_contained" value="3" description="" />
   <keyValuePair key="simpleoutputproductdialog_synthesize_design_globally" value="3" description="" />
   <keyValuePair key="srcchooserpanel_add_hdl_and_netlist_files_to_your_project" value="2" description="" />
   <keyValuePair key="srcchooserpanel_add_or_create_source_file" value="1" description="" />
   <keyValuePair key="srcmenu_ip_hierarchy" value="5" description="" />
  </section>
  <section name="java_command_handlers" level="2" order="2" description="">
   <keyValuePair key="addsources" value="4" description="" />
   <keyValuePair key="coreview" value="2" description="" />
   <keyValuePair key="customizecore" value="1" description="" />
   <keyValuePair key="editdelete" value="2" description="" />
   <keyValuePair key="newproject" value="1" description="" />
   <keyValuePair key="runbitgen" value="1" description="" />
   <keyValuePair key="runimplementation" value="1" description="" />
   <keyValuePair key="runsynthesis" value="1" description="" />
   <keyValuePair key="settopnode" value="1" description="" />
  </section>
  <section name="other_data" level="2" order="3" description="">
   <keyValuePair key="guimode" value="1" description="" />
  </section>
  <section name="project_data" level="2" order="4" description="">
   <keyValuePair key="constraintsetcount" value="1" description="" />
   <keyValuePair key="core_container" value="false" description="" />
   <keyValuePair key="currentimplrun" value="impl_1" description="" />
   <keyValuePair key="currentsynthesisrun" value="synth_1" description="" />
   <keyValuePair key="default_library" value="xil_defaultlib" description="" />
   <keyValuePair key="designmode" value="RTL" description="" />
   <keyValuePair key="export_simulation_activehdl" value="1" description="" />
   <keyValuePair key="export_simulation_ies" value="1" description="" />
   <keyValuePair key="export_simulation_modelsim" value="1" description="" />
   <keyValuePair key="export_simulation_questa" value="1" description="" />
   <keyValuePair key="export_simulation_riviera" value="1" description="" />
   <keyValuePair key="export_simulation_vcs" value="1" description="" />
   <keyValuePair key="export_simulation_xsim" value="1" description="" />
   <keyValuePair key="implstrategy" value="Vivado Implementation Defaults" description="" />
   <keyValuePair key="launch_simulation_activehdl" value="0" description="" />
   <keyValuePair key="launch_simulation_ies" value="0" description="" />
   <keyValuePair key="launch_simulation_modelsim" value="0" description="" />
   <keyValuePair key="launch_simulation_questa" value="0" description="" />
   <keyValuePair key="launch_simulation_riviera" value="0" description="" />
   <keyValuePair key="launch_simulation_vcs" value="0" description="" />
   <keyValuePair key="launch_simulation_xsim" value="0" description="" />
   <keyValuePair key="simulator_language" value="Mixed" description="" />
   <keyValuePair key="srcsetcount" value="12" description="" />
   <keyValuePair key="synthesisstrategy" value="Vivado Synthesis Defaults" description="" />
   <keyValuePair key="target_language" value="Verilog" description="" />
   <keyValuePair key="target_simulator" value="XSim" description="" />
   <keyValuePair key="totalimplruns" value="2" description="" />
   <keyValuePair key="totalsynthesisruns" value="2" description="" />
  </section>
 </section>
</section>
</webTalkData>
