<?xml version="1.0" encoding="UTF-8"?>
<GenRun Id="FIFO16BIT_synth_1" LaunchPart="xc7a15tftg256-1" LaunchTime="1567544008">
  <File Type="PA-TCL" Name="FIFO16BIT.tcl"/>
  <File Type="RDS-PROPCONSTRS" Name="FIFO16BIT_drc_synth.rpt"/>
  <File Type="REPORTS-TCL" Name="FIFO16BIT_reports.tcl"/>
  <File Type="RDS-RDS" Name="FIFO16BIT.vds"/>
  <File Type="RDS-UTIL" Name="FIFO16BIT_utilization_synth.rpt"/>
  <File Type="RDS-UTIL-PB" Name="FIFO16BIT_utilization_synth.pb"/>
  <File Type="RDS-DCP" Name="FIFO16BIT.dcp"/>
  <File Type="VDS-TIMINGSUMMARY" Name="FIFO16BIT_timing_summary_synth.rpt"/>
  <File Type="VDS-TIMING-PB" Name="FIFO16BIT_timing_summary_synth.pb"/>
  <FileSet Name="sources" Type="BlockSrcs" RelSrcDir="$PSRCDIR/FIFO16BIT">
    <File Path="$PSRCDIR/sources_1/ip/FIFO16BIT/FIFO16BIT.xci">
      <FileInfo>
        <Attr Name="UsedIn" Val="synthesis"/>
        <Attr Name="UsedIn" Val="implementation"/>
        <Attr Name="UsedIn" Val="simulation"/>
      </FileInfo>
    </File>
    <Config>
      <Option Name="TopModule" Val="FIFO16BIT"/>
      <Option Name="UseBlackboxStub" Val="1"/>
    </Config>
  </FileSet>
  <FileSet Name="constrs_in" Type="BlockSrcs" RelSrcDir="$PSRCDIR/FIFO16BIT">
    <File Path="$PSRCDIR/sources_1/ip/FIFO16BIT/FIFO16BIT.xci">
      <FileInfo>
        <Attr Name="UsedIn" Val="synthesis"/>
        <Attr Name="UsedIn" Val="implementation"/>
        <Attr Name="UsedIn" Val="simulation"/>
      </FileInfo>
    </File>
    <Config>
      <Option Name="TopModule" Val="FIFO16BIT"/>
      <Option Name="UseBlackboxStub" Val="1"/>
    </Config>
  </FileSet>
  <FileSet Name="utils" Type="Utils" RelSrcDir="$PSRCDIR/utils_1">
    <Filter Type="Utils"/>
    <Config>
      <Option Name="TopAutoSet" Val="TRUE"/>
    </Config>
  </FileSet>
  <Strategy Version="1" Minor="2">
    <StratHandle Name="Vivado Synthesis Defaults" Flow="Vivado Synthesis 2019">
      <Desc>Vivado Synthesis Defaults</Desc>
    </StratHandle>
    <Step Id="synth_design"/>
  </Strategy>
</GenRun>
